language_long	mca_baseline	mca_comma	mca_edit_distance	mca_remove_parenthesis	mca_comma_remove_parenthesis	max_diff
Chuvash	0.0	0.7060234541577826	-3.8984541577825156	0.07009594882729253	0.7430703624733477	3.8984541577825156
Tuvan	0.0	-3.253968253968254	-3.0772486772486776	0.06560846560846656	-3.250793650793651	3.253968253968254
Bashkir language	0.0	0.6284468204839619	-3.1603826674169953	0.0687957231288685	0.6586944288126064	3.1603826674169953
Ossetian	0.0	-1.656286043829296	-2.823529411764706	0.06574394463667943	-1.6608996539792389	2.823529411764706
Russian	0.0	-2.59893879986362	-2.620215365382429	0.051262927605409736	-2.59805091487669	2.620215365382429
Kyrgyz	0.0	-0.8991319964082609	-2.489374438790781	0.05537264292128086	-0.8919485184076623	2.489374438790781
Udmurt	0.0	-2.190889370932755	-1.9566160520607372	0.02603036876355791	-2.190889370932755	2.190889370932755
Komi	0.0	0.1761363636363642	-1.9715909090909085	0.025568181818182545	0.1875	1.9715909090909085
Sakha	0.0	0.1960784313725492	-1.9011437908496733	0.033496732026144116	0.19199346405228734	1.9011437908496733
Chechen	0.0	-1.6076817558299041	-1.6662094192958392	0.04160951074531294	-1.6095107453132147	1.6662094192958392
Hill Mari	0.0	-1.523809523809524	-1.550724637681159	0.05175983436852993	-1.5320910973084885	1.550724637681159
Erzya	0.0	-1.2402126631222812	-1.2701788303528274	0.01594973417109702	-1.238762687288545	1.2701788303528274
Ukrainian	0.0	0.2891569208220095	-1.1137927875660325	0.015371461724021707	0.29152035176646596	1.1137927875660325
Moksha	0.0	-0.9236363636363636	-1.0763636363636362	0.003636363636363882	-0.9309090909090908	1.0763636363636362
Permyak	0.0	0.16546762589928066	-1.014388489208633	0.039568345323741205	0.17266187050359716	1.014388489208633
Kalmyk Oirat	0.0	-0.4883720930232558	-0.9961240310077519	0.03488372093023262	-0.4651162790697674	0.9961240310077519
Meadow Mari	0.0	-0.7975543478260869	-0.779891304347826	0.021739130434782927	-0.794836956521739	0.7975543478260869
Shawiya in Latin script	0.0	0.0	-0.6666666666666666	0.0	0.0	0.6666666666666666
Karachay-Balkar	0.0	-0.24583333333333335	-0.6291666666666665	0.012500000000000178	-0.24583333333333335	0.6291666666666665
Kazakh in Cyrillic script	0.0	0.05597230236583961	-0.6226197345643394	0.024235429890363314	0.0675129832660124	0.6226197345643394
Võro	0.0	0.009186351706036766	-0.573490813648294	0.0017497812773402677	0.00962379702537186	0.573490813648294
Kazakh in China	0.0	0.0	-0.5696969696969696	0.007070707070707449	0.02323232323232327	0.5696969696969696
Kazakh	0.0	0.08604706441644883	-0.5430631487203863	0.015846604864907743	0.08969178353537766	0.5430631487203863
Kazakh Arabic alphabets	0.0	0.014842300556586085	-0.5231910946196661	0.02288188002473701	0.039579468150896524	0.5231910946196661
Classical Chinese	0.0	0.0018247281277554706	-0.002667287155873388	-0.4825658861565592	-0.47962427745664743	0.4825658861565592
Ingush	0.0	-0.050458715596330306	-0.45871559633027525	0.0	-0.03211009174311941	0.45871559633027525
Kazakh in Kazakhstan	0.0	0.06699576868829338	-0.43723554301833567	0.016220028208744797	0.07686882933709449	0.43723554301833567
Saraiki	0.0	0.0	-0.4166666666666661	0.0	0.0	0.4166666666666661
Southern Min	0.0	0.02862550272060571	-0.3963804116394606	-0.0005914360066241464	0.02909865152590485	0.3963804116394606
Korean	0.0	0.006960707780379938	-0.3787324355971896	-0.007668162893572639	0.00268345042935203	0.3787324355971896
Hungarian	0.0	0.19680771483706383	-0.3754060407194497	-0.02892353549763982	0.17152073256945177	0.3754060407194497
Traditional Chinese	0.0	0.0049261888469197546	-0.00606788847282691	-0.36446537056230066	-0.3587042344531912	0.36446537056230066
Lak	0.0	-0.29515418502202645	-0.36123348017621143	0.004405286343612369	-0.2995594713656388	0.36123348017621143
Goan Konkani in Devanagari script	0.0	-0.33678756476683946	-0.3471502590673576	0.020725388601036232	-0.33678756476683946	0.3471502590673576
Saraiki in Arabic script	0.0	0.0	-0.3333333333333335	0.0	0.0	0.3333333333333335
informal Dutch	0.0	0.33333333333333337	0.0	-0.1666666666666666	0.0	0.33333333333333337
Uzbek	0.0	-0.03038890563762442	-0.3158577027434429	0.001537533916189271	-0.02900211034066924	0.3158577027434429
Lezgian	0.0	0.08917835671342678	-0.311623246492986	0.019038076152304573	0.1012024048096194	0.311623246492986
Abkhaz	0.0	-0.2979274611398963	-0.2953367875647668	0.04145077720207291	-0.2642487046632124	0.2979274611398963
Adyghe	0.0	0.042328042328042326	-0.29629629629629634	0.0	0.042328042328042326	0.29629629629629634
Chinese	0.0	0.005849342812381808	-0.010017379483367783	-0.2874121700592118	-0.280862398147662	0.2874121700592118
Russia Buriat	0.0	-0.012295081967212962	-0.2807377049180326	0.032786885245901676	-0.00819672131147553	0.2807377049180326
Goan Konkani	0.0	-0.22434782608695647	-0.2730434782608694	-0.003478260869564931	-0.21565217391304348	0.2730434782608694
Ladin	0.0	-0.0927152317880795	-0.2582781456953642	-0.07947019867549665	-0.1721854304635762	0.2582781456953642
Mon language spelling	0.0	0.12727272727272698	-0.2545454545454544	0.018181818181818077	0.018181818181818077	0.2545454545454544
Canadian English	0.0	0.2544223913399663	-0.00484753978880989	-0.0008750413088728926	0.2543341159602179	0.2544223913399663
Mongolian	0.0	0.06371654501216528	-0.25440997566909984	0.011100973236009892	0.0684306569343065	0.25440997566909984
Crimean Tatar	0.0	0.027888446215139417	-0.25298804780876494	-0.0019920318725101804	0.013944223107569709	0.25298804780876494
Central Atlas Tamazight	0.0	0.0	-0.25	0.0	0.0	0.25
British English	0.0	0.23499002768134797	-0.005069052654847292	0.0005933886005246025	0.2363532479323508	0.2363532479323508
Amharic	0.0	0.000683060109289757	-0.22882513661202175	0.004781420765027411	0.017076502732240595	0.22882513661202175
English	0.0	0.16048970239877391	1.818436539e-05	0.0627792096294888	0.2201898481657696	0.2201898481657696
Avaric	0.0	-0.08695652173913015	-0.19710144927536244	0.008695652173912993	-0.07826086956521738	0.19710144927536244
formal address in German	0.0	0.0	0.0	-0.18181818181818182	-0.18181818181818182	0.18181818181818182
Uyghur Arabic alphabet	0.0	0.00421940928270037	-0.17721518987341772	0.008438818565400796	0.008438818565400796	0.17721518987341772
Sinhala	0.0	0.02376514445479927	-0.1714818266542406	0.006523765144454519	0.04147250698974814	0.1714818266542406
Eastern Pwo	0.0	0.0	0.16666666666666674	0.16666666666666674	0.16666666666666674	0.16666666666666674
Vietnamese	0.0	0.0181229810999054	-0.14772114386457352	-0.02789851545719213	-0.0071773036171625115	0.14772114386457352
Dutch	0.0	0.1411938274435724	-0.009540157588532189	-0.0073004641163774975	0.13076953931811952	0.1411938274435724
Uyghur	0.0	0.0027285129604364133	-0.13915416098226463	-0.017735334242837908	-0.017735334242837908	0.13915416098226463
South Azerbaijani	0.0	0.008149186976462275	-0.059331134948009456	-0.13563026696483838	-0.13051333560752498	0.13563026696483838
Taraškievica	0.0	0.12319867706118592	0.08977084809827529	0.014056224899598346	0.1314670446491848	0.1314670446491848
Modern Greek	0.0	0.12780023332822776	-0.0889593325398601	-0.0007071132805729352	0.1297225456791009	0.1297225456791009
Veps	0.0	0.00046585659381190303	-0.1253154237353935	0.0008152490391707956	0.001630498078341508	0.1253154237353935
Kabardian	0.0	0.09915014164305946	-0.12181303116147302	0.0028328611898017497	0.09631728045325783	0.12181303116147302
Pashto	0.0	0.01677489177489111	-0.11850649350649345	0.017857142857142794	0.03841991341991324	0.11850649350649345
Belarusian	0.0	0.10599343185550092	0.0472632731253424	0.01704980842911885	0.11710454296661155	0.11710454296661155
Sindhi	0.0	0.012472487160674728	-0.11592076302274457	0.019809244314012986	0.026412325752017463	0.11592076302274457
Hebrew	0.0	0.11170612195362484	-0.08022785712660307	-0.0011529388563147336	0.11163785583713248	0.11170612195362484
Scots	0.0	0.11037138093072613	-0.0059420948916174	-0.0026182624089558793	0.10845714201975071	0.11037138093072613
Dhivehi	0.0	0.006864988558352492	-0.013729977116704761	0.10983981693363853	0.10755148741418774	0.10983981693363853
Telugu	0.0	0.029302155644866712	-0.10434782608695614	0.003799780781878148	0.03324808184143224	0.10434782608695614
Tajik	0.0	0.0936671825640808	0.06061441261899214	0.008268492802171012	0.10431021688892661	0.10431021688892661
Aramaic	0.0	0.009615384615384581	-0.09935897435897445	0.022435897435897356	0.03205128205128216	0.09935897435897445
Sanskrit	0.0	0.008658008658008809	-0.09653679653679648	0.011688311688311748	0.01601731601731604	0.09653679653679648
Serbian written in Cyrillic	0.0	0.08814842163559145	0.02187557688757602	0.008676389145283014	0.09442495846409416	0.09442495846409416
Albanian	0.0	0.08722710984659311	-0.002574197395924599	0.0068195155928822	0.0938952834024893	0.0938952834024893
Bulgarian	0.0	0.08772260731519488	0.014130554376699411	-0.015879998306087106	0.0690474604719511	0.08772260731519488
Georgian	0.0	0.006977494555134189	-0.08711785109300618	-0.005928853754940899	0.006332177139630746	0.08711785109300618
Meitei	0.0	0.0	0.0	0.08333333333333348	0.08333333333333348	0.08333333333333348
Italian	0.0	0.08123305763605868	-0.014448909914393099	0.0012410663074668982	0.08289796298318527	0.08289796298318527
Spanish	0.0	0.07689771767435499	-0.008300242181667805	0.0031138452982823056	0.08039515336024539	0.08039515336024539
Kildin Sami	0.0	0.0797546012269939	0.06748466257668717	0.0030674846625766694	0.0797546012269939	0.0797546012269939
Czech	0.0	0.07270231341927369	-0.024807340221173813	-0.079316289229729	0.0002514553220199778	0.079316289229729
Polish	0.0	0.07557278293501879	-0.018812956745012877	-0.07819436122168877	0.0033753097289744294	0.07819436122168877
Portuguese	0.0	0.07790675798668839	-0.015181989936783491	-0.026950910715059395	0.0526768061196185	0.07790675798668839
Rusyn	0.0	0.01675257731958757	-0.07731958762886604	-0.02448453608247414	-0.01675257731958779	0.07731958762886604
Serbian	0.0	0.0747881158610415	0.005006053832541824	-0.024657725621682003	0.05259849119865878	0.0747881158610415
Swedish	0.0	0.0735184089674619	-0.011013559256878386	-0.017030961019309593	0.057873539657692735	0.0735184089674619
Western Punjabi	0.0	0.013336820083682088	-0.072960251046025	-0.0077144351464437655	0.009152719665271647	0.072960251046025
Kannada	0.0	0.004990714948932329	-0.07219127205199638	0.006499535747446661	0.00882079851439177	0.07219127205199638
Western Armenian	0.0	0.010786516853932504	-0.0714606741573034	-0.020674157303370855	-0.014382022471910227	0.0714606741573034
Azerbaijani	0.0	0.0036274016349341354	-0.06947602270163322	-0.01324261936581217	-0.008608570387212189	0.06947602270163322
Urdu	0.0	0.013841894801599697	-0.06864554496052433	-0.006664616015584546	0.008766533374346519	0.06864554496052433
Yiddish	0.0	0.02021932830706019	-0.06751199451679213	-0.007196710075393797	0.012337217272104573	0.06751199451679213
Algerian Arabic	0.0	0.006479481641468832	-0.06695464362850956	0.017278617710583255	0.02591792656587466	0.06695464362850956
Shan	0.0	0.0	-0.013953488372093092	-0.06046511627906975	-0.06511627906976747	0.06511627906976747
Armenian	0.0	0.009160870436914825	-0.06460418562329395	-0.001094986197005321	0.007664903379034804	0.06460418562329395
Galician	0.0	0.055862397734878694	-0.011031872529144615	0.007307692540862387	0.063406175474163	0.063406175474163
Macedonian	0.0	0.06321839080459757	0.013315124615909557	-0.0034141345168998694	0.05957664731990442	0.06321839080459757
Newar	0.0	0.003696857670979714	-0.06284658040665425	-0.005545286506469349	-0.005545286506469349	0.06284658040665425
German	0.0	0.05987303772982988	-0.010621131187817212	0.0031109963176343958	0.06260366459277028	0.06260366459277028
Finnish	0.0	0.0613529609680184	-0.0075128356558306075	-0.0230282492082845	0.04003551898426222	0.0613529609680184
Tigrinya	0.0	0.06060606060606055	0.030303030303030498	0.0	0.0	0.06060606060606055
Gan	0.0	0.004398826979472137	-0.021994134897360684	-0.06011730205278598	-0.0542521994134898	0.06011730205278598
Danish	0.0	0.057650580986384314	-0.010012360745780685	-0.013056158375323201	0.0449806434632804	0.057650580986384314
Wu Chinese	0.0	0.013904624575136415	-0.011535688536409738	-0.056957462148522264	-0.04233185703986031	0.056957462148522264
Chinese in Macau	0.0	0.010307273434461361	-0.0206145468689225	-0.05659276546091019	-0.04142357059509916	0.05659276546091019
Cantonese	0.0	0.016448224980470716	-0.018835170558110903	-0.05607152156930795	-0.03823452825275542	0.05607152156930795
Welsh	0.0	0.054549070878136	-0.004618321443904699	0.0011353934031061996	0.0560629893960234	0.0560629893960234
Tajik in Cyrillic script	0.0	0.044982698961937684	-0.027681660899654015	0.02076124567474047	0.055363321799307974	0.055363321799307974
Tatar in Cyrillic script	0.0	0.0541205412054121	0.014760147601476037	0.0036900369003690647	0.05535055350553508	0.05535055350553508
Gujarati	0.0	0.01870790720878035	-0.054377650286854706	0.014716887004240675	0.028934896482913475	0.054377650286854706
N'Ko	0.0	0.0	-0.05323193916349833	0.003802281368820992	-0.0038022813688214363	0.05323193916349833
Kabiye	0.0	0.0014925373134329067	-0.05074626865671633	0.004477611940298609	0.008955223880597107	0.05074626865671633
Inari Sami	0.0	0.0012626262626261875	-0.04924242424242431	-0.002525252525252597	0.0	0.04924242424242431
Tunisian Arabic in Arabic script	0.0	0.022965350523771022	-0.0491539081385981	0.026994359387590094	0.045930701047542044	0.0491539081385981
Latin American Spanish	0.0	0.0	-0.04914529914529908	0.0064102564102563875	0.004273504273504258	0.04914529914529908
Thai	0.0	0.016317722333699436	-0.04800666338545412	0.0144247151024115	0.027600045432173204	0.04800666338545412
Guianan Creole	0.0	-0.00793650793650802	-0.04761904761904767	-0.039682539682539764	-0.04761904761904767	0.04761904761904767
Tamil	0.0	0.009978588453924742	-0.04714580050902928	-0.006665858683795989	0.0009695794449158246	0.04714580050902928
Skolt Sami	0.0	0.0	-0.0464135021097046	0.0	0.0	0.0464135021097046
Brazilian Portuguese	0.0	0.04588229150347278	-0.01615750169721658	-0.007466782601017075	0.0385479649567233	0.04588229150347278
Khmer	0.0	0.030732860520094496	-0.030732860520094496	0.0035460992907803135	0.043735224586288535	0.043735224586288535
Yoruba	0.0	0.04369140792981849	-0.014105100197815398	-0.001089418307961304	0.04306069206731461	0.04369140792981849
global	0.0	0.03927040876419968	-0.043128869843202994	-0.005267117404429089	0.03320278541061561	0.043128869843202994
French	0.0	0.038572186134991	-0.010164897881777185	0.0032988791925785133	0.04188766447603154	0.04188766447603154
simplified Gan	0.0	0.005181347150259086	-0.0181347150259068	-0.04145077720207252	-0.03886010362694298	0.04145077720207252
Kazakh in Latin script	0.0	7.422802850359789e-05	-0.04138212589073631	0.0010020783847980996	0.00011134204275539683	0.04138212589073631
Moroccan Arabic	0.0	0.008697371021941125	-0.04071950978454231	0.012453053963233929	0.023917770310337927	0.04071950978454231
Catalan	0.0	0.0393184411324253	-0.0080198602296227	0.0008003027744716007	0.04019010799153269	0.04019010799153269
Low German	0.0	0.039684526790185304	-0.005410894118956205	-0.0028266308659221917	0.03733444463995991	0.039684526790185304
Marathi	0.0	0.036000283466798955	-0.037417617461554586	0.0055276025795478745	0.03876408475657289	0.03876408475657289
Taiwanese Mandarin	0.0	0.015046656298600247	-0.020062208398133885	-0.038374805598755835	-0.02395023328149315	0.038374805598755835
Dinka	0.0	0.0380952380952381	-0.0047619047619046895	0.0023809523809524002	0.0380952380952381	0.0380952380952381
Asturian	0.0	0.03197807957059601	-0.0071372711785512855	0.00580022435126229	0.037585792413648705	0.037585792413648705
Hindi	0.0	0.023892428507927166	-0.0375611201659507	-0.009631056452807929	0.013890946806934368	0.0375611201659507
Kurdish Arabic alphabet	0.0	0.0010683760683760646	-0.03739316239316248	-0.0010683760683761756	0.0	0.03739316239316248
Putonghua	0.0	0.015509151473906524	-0.015885239442673615	-0.03610444500161192	-0.02149074107238813	0.03610444500161192
Nepali	0.0	0.0058786145535434375	-0.03558945027009819	0.0025421035907216005	0.006673021925643896	0.03558945027009819
Luxembourgish	0.0	0.035469017879010495	-0.004575067352437012	-0.0006409495702324186	0.0352446046083332	0.035469017879010495
Gilaki	0.0	0.008720930232558155	-0.03488372093023262	0.005813953488372103	0.011627906976744096	0.03488372093023262
Northern Luri	0.0	0.005221932114882422	0.03394255874673646	0.005221932114882422	0.007832898172323799	0.03394255874673646
Ume Sami	0.0	0.0	-0.03389830508474581	0.0	0.0	0.03389830508474581
Turkish	0.0	0.010523094208944206	-0.032080763699936676	-0.00936482718692766	0.0012421608477191093	0.032080763699936676
Assamese	0.0	0.006490599820949017	-0.03200537153088634	0.0042524619516561835	0.008281110116383217	0.03200537153088634
Malaysian Mandarin	0.0	0.008497489378138212	-0.014291232135959953	-0.03186558516801841	-0.017574353032058787	0.03186558516801841
Hiligaynon	0.0	0.031640912435614406	-0.0051508462104488985	0.0	0.031640912435614406	0.031640912435614406
Swiss German	0.0	0.0	-0.015384615384615385	-0.030769230769230688	-0.030769230769230688	0.030769230769230688
Malayalam	0.0	0.018879515111802858	-0.03067409288229994	0.009419280858383061	0.029568351216315847	0.03067409288229994
Bengali	0.0	0.01411159936986972	-0.030660807561561976	-0.005671171544648024	0.006052566122212166	0.030660807561561976
Sirionó	0.0	0.0304259634888438	0.0	0.0	0.0304259634888438	0.0304259634888438
Kazakh in Turkey	0.0	8.086689309390327e-05	-0.030244218017143797	0.0008086689309396017	4.043344654690306e-05	0.030244218017143797
Ottoman Turkish	0.0	-0.019704433497536977	-0.009852216748768516	-0.014778325123152802	-0.029556650246305494	0.029556650246305494
Limburgish	0.0	0.028656547958869016	-0.004101292071054002	0.00038791790753810174	0.029274327776952103	0.029274327776952103
Tulu	0.0	0.02010968921389389	0.02376599634369292	0.01645338208409508	0.02925045703839113	0.02925045703839113
traditional Gan	0.0	0.0026455026455026176	-0.01851851851851849	-0.02910052910052907	-0.02380952380952378	0.02910052910052907
Ancient Greek	0.0	0.007677543186180413	-0.017274472168906208	0.015355086372360605	0.028790786948176716	0.028790786948176716
Afrikaans	0.0	0.008434899814727503	-0.006086844699729976	-0.028428179436482792	-0.019731284789883397	0.028428179436482792
Chinese (Hong Kong)	0.0	0.013944325043496075	-0.01870330570054235	-0.028195681097124004	-0.012383584075324805	0.028195681097124004
Tibetan	0.0	0.010341261633919352	-0.020682523267838704	0.016546018614270963	0.02792140641158225	0.02792140641158225
Swiss Standard German	0.0	0.027502638186383294	-0.009824969979258413	-0.003259249471200404	0.024578368065406975	0.027502638186383294
Burmese	0.0	0.0011266430210724043	-0.027498435218026307	-0.0010849155017733925	0.0005841852701856942	0.027498435218026307
Mazanderani	0.0	0.007374027038099085	-0.027447767308480087	0.010241704219582148	0.025399426464563835	0.027447767308480087
Egyptian Arabic	0.0	0.0022700001237057066	-0.017646622215074848	-0.02738999468065373	-0.025761718025161806	0.02738999468065373
Sakizaya	0.0	0.011235955056179803	-0.027287319422150902	0.008025682182985605	0.008025682182985605	0.027287319422150902
Bokmål	0.0	0.026908156397234262	-0.007885945052927917	-0.010243546938281112	0.018008327056190765	0.026908156397234262
Eastern Punjabi	0.0	0.00921435499515022	-0.02686711930164898	-0.009505334626576323	0.0008729388942774197	0.02686711930164898
Japanese	0.0	0.016313280470808156	-0.01748728520560161	-0.026857781712668505	-0.01005335797666218	0.026857781712668505
Latin	0.0	0.006314270250766696	-0.026715376751458297	0.003683324312947267	0.010147934331589337	0.026715376751458297
Lithuanian	0.0	0.026704261820256425	-0.0077841716357731905	-0.0037124247830315205	0.02344181127779399	0.026704261820256425
Emilian	0.0	0.0266584004959703	-0.004649721016739002	0.0	0.0266584004959703	0.0266584004959703
Esperanto	0.0	0.01863900285018344	-0.026462042831028876	-0.009921271844378188	0.009325613199226535	0.026462042831028876
Tatar	0.0	0.025609995420945886	-0.016778962517171536	6.541505854640306e-05	0.02593707071367829	0.02593707071367829
Persian	0.0	0.009432816681804956	-0.02578724189686099	-0.01548001652133646	-0.008247507632490825	0.02578724189686099
Arabic	0.0	0.0033782755577198564	-0.025572937273640406	-0.01575387284292562	-0.011053580667741869	0.025572937273640406
Romanian	0.0	0.025217519539890876	-0.0115486080388012	-0.0020995953810866164	0.023642349405637086	0.025217519539890876
Indonesian	0.0	0.024332212954616295	-0.013387576195247497	-0.008387132815457499	0.01628362218605059	0.024332212954616295
Alemannic	0.0	0.02400431020954738	-0.005607457080983813	-0.0032316855704407066	0.021123218103195174	0.02400431020954738
Kotava	0.0	0.0017452006980802626	-0.023560209424083767	-0.00610820244328103	-0.0043630017452007674	0.023560209424083767
Scottish Gaelic	0.0	0.02051447637498649	-0.00462813475406311	0.0008403960031875962	0.02162051138449131	0.02162051138449131
Bavarian	0.0	0.021074487653518104	-0.005639062819345592	-0.000849448193534108	0.0202901680325496	0.021074487653518104
Odia	0.0	0.006904109589041196	-0.021041095890410588	0.010520547945205738	0.01753424657534275	0.021041095890410588
Bosnian	0.0	0.02012354513194209	-0.011668151350088307	1.460344349199505e-05	0.02050323466273349	0.02050323466273349
Louisiana French	0.0	0.018594320747443993	-0.0022761063896180045	0.0012509391458477848	0.0203228580856033	0.0203228580856033
Romagnol	0.0	0.018116629358424702	-0.002390256857760814	0.0012928941902178026	0.019922074847740584	0.019922074847740584
Serbo-Croatian	0.0	0.018801429920410118	-0.009577768784567675	-0.006559422635909806	0.01158437879401053	0.018801429920410118
Sorani	0.0	0.0087301587301587	-0.018650793650793585	0.013888888888889062	0.018650793650793807	0.018650793650793807
Slovene	0.0	0.017407352321978792	-0.0070510900281332	0.000573136729559498	0.01856032913465988	0.01856032913465988
Picard	0.0	0.0168399505183789	-0.00423391847313849	0.0010095518341308035	0.018070528072469005	0.018070528072469005
Awadhi	0.0	0.0036101083032490378	0.0072202166064981865	-0.018050541516245522	-0.018050541516245522	0.018050541516245522
Doteli	0.0	0.00520833333333337	0.00347222222222221	0.01215277777777779	0.01736111111111105	0.01736111111111105
Simplified Chinese	0.0	0.014202813466705821	-0.016946282204710172	6.773996883957523e-05	0.014801183191455625	0.016946282204710172
Tagalog	0.0	0.015682354227519	-0.014588962996516797	-0.0010152918573593933	0.015588634979147406	0.015682354227519
Balinese	0.0	0.0015649452269170805	-0.01564945226917064	-0.006259780907668211	-0.004694835680751186	0.01564945226917064
Atikamekw	0.0	0.015424164524421607	0.0	0.0	0.015424164524421607	0.015424164524421607
Breton	0.0	0.014996029407997602	-0.006916515101058007	2.1468625752613102e-05	0.015283990143909798	0.015283990143909798
Finnish Kalo	0.0	0.0	-0.01522842639593909	0.0	0.0	0.01522842639593909
Latvian	0.0	0.01017522187185066	-0.01520323353163644	0.0007043550816509536	0.011139646522111246	0.01520323353163644
Singaporean Mandarin	0.0	0.01413043478260878	-0.014803312629399601	-0.0038819875776396895	0.010817805383022794	0.014803312629399601
Malay	0.0	0.014360405304471607	-0.014635211882918303	-0.00022442559831029052	0.014220637361025107	0.014635211882918303
Turkmen	0.0	0.0007010020205353018	-0.0143911591274586	0.00024741247783600234	0.0009071790853985989	0.0143911591274586
Papiamento	0.0	0.012720691630644293	-0.003997187646476691	0.001225452538725108	0.014349939863438993	0.014349939863438993
Occitan	0.0	0.01306796890334938	-0.004496761261234508	0.0010119460613099984	0.014341710515271389	0.014341710515271389
Jamaican Creole	0.0	0.013109799413611012	-0.0038619015021375963	0.000866825312451705	0.0143384483653307	0.0143384483653307
Bambara	0.0	0.013021850665416612	-0.003581008932989488	0.0009129575023101993	0.014286572284907609	0.014286572284907609
Main-Franconian	0.0	0.012766381447022704	-0.004159972100785891	0.0010601283187820082	0.014187868454294192	0.014187868454294192
Kabyle	0.0	0.012935271899415401	-0.004152222279712306	0.0008810824806032014	0.014178714001681497	0.014178714001681497
Santali	0.0	-0.005128831359140301	-0.014043228721455601	-0.001994545528554506	-0.006919851833760704	0.014043228721455601
Old Prussian	0.0	0.012706633748389803	-0.003622799484757397	0.0009139239684001071	0.014009848935190694	0.014009848935190694
West Frisian	0.0	0.0139545611809479	-0.005612578326221501	-0.006208434244416305	0.008226655902817792	0.0139545611809479
Basque	0.0	0.013951074870274222	-0.008828762045960004	-0.001048029272957579	0.013199614343215899	0.013951074870274222
Livvi-Karelian	0.0	0.004275331338178701	-0.013681060282171892	-0.0008550662676357901	0.0038477982043607917	0.013681060282171892
Min Dong	0.0	0.0019732098812278998	-0.013584791105377005	0.0	0.002162941600576798	0.013584791105377005
Kashmiri	0.0	0.0033444816053511683	-0.006688963210702337	0.010033444816053505	0.013377926421404673	0.013377926421404673
Jutlandic	0.0	0.0124378109452737	0.0	0.0	0.0124378109452737	0.0124378109452737
Ido	0.0	0.011535499229799684	-0.0046387060635765115	0.0007275458640382815	0.0124294407482885	0.0124294407482885
Croatian	0.0	0.012237395482652791	-0.009250472013825783	-0.0017419659209519933	0.010760219339156385	0.012237395482652791
Wolof	0.0	0.0106042133318211	-0.0036197983120209998	0.0008042916998774047	0.011644886751197708	0.011644886751197708
Pali	0.0	0.009730967372638899	-0.0088723526044647	0.001431024613623405	0.011448196908986907	0.011448196908986907
Norman	0.0	0.010355016053933894	-0.003631573651423803	0.0008333632314383027	0.011417164618218192	0.011417164618218192
Kongo	0.0	0.010348418860064407	-0.0037587578110205994	0.0007867839805976024	0.011400404635972111	0.011400404635972111
Zulu	0.0	0.010364048888432495	-0.003809488240072406	0.0007292119376204886	0.011373469640701794	0.011373469640701794
Palatinate German	0.0	0.004084214330893593	-0.007716635041113223	-0.011168338303063213	-0.0067407608204572145	0.011168338303063213
North Frisian	0.0	0.01109440769693329	-0.0074564040889958105	-0.008884546001202615	0.002675886951292783	0.01109440769693329
Serbian written in Latin script	0.0	0.009428967090257423	-0.007015721733463681	0.001132201438922703	0.010968567482076502	0.010968567482076502
Franco-Provençal	0.0	0.010006761325219701	-0.0037142213207122105	0.000695075496994893	0.010945336937260297	0.010945336937260297
Interlingua	0.0	0.010126990670621894	-0.004274844734412905	0.0005386603655656019	0.010853944192706091	0.010853944192706091
Interlingue	0.0	0.009856912879639593	-0.0037592970654100055	0.0007024024193733047	0.010793237926163504	0.010793237926163504
Estonian	0.0	0.00851714817345417	-0.010631394844160313	-0.0036730185122913483	0.0050676241870803995	0.010631394844160313
Upper Sorbian	0.0	0.010599705248837993	-0.006844462079129393	-0.00834655934701281	0.0024373653780750126	0.010599705248837993
West Flemish	0.0	0.009288225479680709	-0.00393278512692169	0.001013830684719802	0.010503235176172604	0.010503235176172604
Walloon	0.0	0.009075169528206695	-0.004638580291444205	0.0010830718622938107	0.010396369462189886	0.010396369462189886
Venetian	0.0	0.009032776701867307	-0.004655241714473596	0.001038682171181915	0.010393082393348907	0.010393082393348907
Volapük	0.0	0.010372826978362198	-0.003640853257392093	-0.0016122595401212997	0.009400519609497504	0.010372826978362198
Maltese	0.0	0.004020582736312617	-0.010341004980227997	-0.0027465709227486035	0.0013071030295008224	0.010341004980227997
Haitian Creole	0.0	0.0021278804235001086	-0.010224205937305289	-0.007784928378658892	-0.005501349387585591	0.010224205937305289
Romansh	0.0	0.008819373385957202	-0.003386444476928402	0.0014866793457788963	0.010214744979857901	0.010214744979857901
Sicilian	0.0	0.008713230682966797	-0.0047218184903461	0.001122298082913989	0.010056929925912408	0.010056929925912408
Ligurian	0.0	0.008751845268580694	-0.004149971379507705	0.0010025591158348973	0.010018082083952898	0.010018082083952898
Piedmontese	0.0	0.008760951188986288	-0.004627212587162505	0.0010094332376917037	0.00999215437283299	0.00999215437283299
Southern Luri	0.0	0.0	-0.009948019358308	0.0	8.962179602069881e-05	0.009948019358308
Friulian	0.0	0.008643803881356604	-0.0038813565758991087	0.001026212257430395	0.009935930154341993	0.009935930154341993
Gorontalo	0.0	0.002197302621609401	-0.009887861797242	0.00026519169571150025	0.002765570540991101	0.009887861797242
Noongar	0.0	0.0096324461343473	-0.005069708491761693	0.001520912547528605	0.009885931558935399	0.009885931558935399
Neapolitan	0.0	0.008622464149303594	-0.003949103827886102	0.0009766334034475022	0.0098736204734646	0.0098736204734646
Swahili	0.0	0.008923172338940993	-0.008333979378246398	0.0006600304639098054	0.009854612947687497	0.009854612947687497
Bishnupriya Manipuri	0.0	0.0	-0.009740259740259716	0.0	0.0	0.009740259740259716
Kurdish	0.0	0.0019018360032184989	-0.009728622631848496	-0.001170360617365293	0.0007314753858532058	0.009728622631848496
Sardinian	0.0	0.008360317105850806	-0.0038940375167485913	0.0010475066069660088	0.009707962310235504	0.009707962310235504
Hawaiian	0.0	-0.0022427700177060986	-0.006098760574463898	-0.009639976391894498	-0.0088923863859925	0.009639976391894498
Igbo	0.0	0.002506358040617704	-0.009398842652316598	-0.00018429103239839956	0.0023957834211787016	0.009398842652316598
Malagasy	0.0	0.008695915876301086	-0.006982509609479909	0.00038009312001568984	0.009364171967627594	0.009364171967627594
Lingala	0.0	0.00011881658679550183	-0.009307299298982101	0.00019802764465919748	0.00027723870252290006	0.009307299298982101
Lower Sorbian	0.0	0.004218284459777399	-0.007621138466363503	-0.009283362082483898	-0.004782813235063493	0.009283362082483898
Crimean Tatar Latin alphabet	0.0	0.0021848288550731024	-0.009275940051362602	0.00022998198474460246	0.0023381501782360967	0.009275940051362602
Maithili	0.0	0.007288263382759563	-0.002261874842925282	0.0037697914048755443	0.00904749937170135	0.00904749937170135
Hakka	0.0	0.0022331397945511006	-0.009001271171883103	-6.871199367849967e-05	0.002061359810354893	0.009001271171883103
Aragonese	0.0	0.008936102183584316	-0.006102569473922098	-0.0025072546566934917	0.006710046526340496	0.008936102183584316
Mingrelian	0.0	0.002013693113169568	-0.008860249697946077	0.000805477245267805	0.006846556584776509	0.008860249697946077
Austrian German	0.0	0.008809091520408902	-0.004826694760122208	-0.0013291803807952002	0.007816204338044003	0.008809091520408902
Minangkabau	0.0	0.00735706993363959	-0.0043134252169474	0.0009767621578535002	0.008563589536792898	0.008563589536792898
Samogitian	0.0	0.00027485471964820013	-0.008559761269043502	-7.852991989950459e-05	0.00027485471964820013	0.008559761269043502
Ilocano	0.0	0.0047378193226199	-0.008515269863627599	-0.00016006146360200008	0.0048978807862219	0.008515269863627599
Corsican	0.0	0.00818507612366598	-0.0049110456741995046	4.490309412888416e-05	0.008475818745644487	0.008475818745644487
Lombard	0.0	0.002634593356242887	-0.008394698085419705	0.0006218294878088948	0.0033873343151693824	0.008394698085419705
Hausa	0.0	0.003134696979291994	-0.008359191944778702	-0.0007282629345830016	0.0021214615920460977	0.008359191944778702
Dutch Low Saxon	0.0	0.008148689030563677	-0.005362917328849914	-0.002846122988771016	0.005658509765723685	0.008148689030563677
Karakalpak	0.0	0.002730686084878902	-0.008116205863389798	7.585239124669949e-05	0.0028444646717488004	0.008116205863389798
Tetum	0.0	0.0011680596113180994	-0.0081160004027792	0.00014097271171079756	0.0015104219111872	0.0081160004027792
Cebuano	0.0	0.0021963351349023885	-0.008053228827975309	-0.00030145776361401033	0.0023039986219073882	0.008053228827975309
Quechua	0.0	0.0026280782583303908	-0.007949125596184409	0.0005840173907400992	0.0036014405762304913	0.007949125596184409
Central Bikol	0.0	0.007570022710068104	-0.007065354529396897	-0.00036047727190799406	0.0078944522547853	0.0078944522547853
Bhojpuri	0.0	0.00734522560335793	0.003672612801679076	-0.0005246589716683125	0.007869884575026465	0.007869884575026465
Māori	0.0	0.0076140118968936014	-0.004362194315928599	0.0001328132775952999	0.0077734647158356	0.0077734647158356
Slovak	0.0	0.00590241343126971	-0.007764952780692502	-0.0006191628315218856	0.005522646395292208	0.007764952780692502
Moldovan	0.0	0.0007221194204991982	-0.007717651306584802	4.5132463781197285e-05	0.0009477817394051985	0.007717651306584802
Mirandese	0.0	0.004496306605288498	-0.007707954180494601	0.00042821967669410405	0.0049245262819826024	0.007707954180494601
Dagbani	0.0	0.0	0.0	-0.007633587786259499	-0.007633587786259499	0.007633587786259499
Somali	0.0	0.0004692816080716991	-0.007547612529818899	0.00031285440538109804	0.0005083884087443008	0.007547612529818899
Tajik in Latin script	0.0	-0.00011982744847419818	-0.007469244288224895	0.00031953986259790346	0.0007589071736700051	0.007469244288224895
Fiji Hindi	0.0	0.0007446848121532984	-0.0073351453997096	-0.000632982090330303	-0.0001117027218230024	0.0073351453997096
Lao	0.0	0.00013854253255750348	-0.007250392537175597	0.0004156275976725035	0.0006927126627875035	0.007250392537175597
Ripuarian	0.0	0.004923413566739601	-0.007248358862144401	3.4190371991198176e-05	0.005162746170678301	0.007248358862144401
Judaeo-Spanish	0.0	0.0005724508050089019	-0.007119856887298798	7.155635062610494e-05	0.000715563506261202	0.007119856887298798
Ewe	0.0	0.002362705600823911	-0.007118407899918189	0.0007572774361615103	0.0032411474267713125	0.007118407899918189
Seri	0.0	0.0004235852253473005	-0.0071162317858353	0.0	0.0005083022704167987	0.0071162317858353
Old English	0.0	0.0033121916842846974	-0.007047216349541897	0.0005285412262156994	0.0038407329105003968	0.007047216349541897
Kapampangan	0.0	0.0033876370280147006	-0.006927527405602898	-0.0001903166869670972	0.003539890377588402	0.006927527405602898
Old Church Slavonic	0.0	0.0007057827130286971	-0.006916670587681802	0.00018820872347430004	0.0009410436173715973	0.006916670587681802
Kashubian	0.0	0.0017461084073262037	-0.006910131143886798	0.0001857562135453017	0.0020804695917078023	0.006910131143886798
Zamboanga Chavacano	0.0	0.0018332505824390014	-0.0068364969636787	3.8192720467501023e-05	0.001947828743841501	0.0068364969636787
Kinyarwanda	0.0	0.0	-0.006802993317059499	-8.003521549479822e-05	4.0017607747400846e-05	0.006802993317059499
Sranan Tongo	0.0	0.0008130081300812969	-0.0067627494456763	0.0009608277900960971	0.0019586104951958005	0.0067627494456763
Akan Wiktionary	0.0	0.002711864406779601	-0.006741996233521699	-0.0006403013182673979	0.002184557438794702	0.006741996233521699
Waray	0.0	0.004780715536203198	-0.0067334021636666005	-0.00040400412982000145	0.004601158145172098	0.0067334021636666005
Sesotho	0.0	0.000599041533546299	-0.0067092651757189	0.0	0.0007188498402556018	0.0067092651757189
Northern Sotho	0.0	0.0	-0.006694628165833199	0.0	0.00012098725600900168	0.006694628165833199
Silesian	0.0	0.001888640179070998	-0.006680190263010699	0.0002448237269166015	0.0020635142697257997	0.006680190263010699
Goan Konkani in Latin script	0.0	0.0006666666666666904	-0.0066666666666666125	0.0006666666666666904	0.0013333333333333947	0.0066666666666666125
Emilian-Romagnol	0.0	0.003390834869633902	-0.006617066104819595	-0.00036212799578619337	0.0030945483276271016	0.006617066104819595
Javanese	0.0	0.0021205868867491956	-0.006613938560293506	0.0004814305364510968	0.0027281063732233005	0.006613938560293506
Luganda	0.0	0.0	-0.006609385327164501	0.0	0.00012392597488439933	0.006609385327164501
Zhuang	0.0	4.038609103020063e-05	-0.0065829328379306	0.00012115827309070251	0.0002827026372117028	0.0065829328379306
Simple English	0.0	0.0026219956300072983	-0.006554989075018197	-0.00014566642388920414	0.0026219956300072983	0.006554989075018197
Eastern Canadian (Aboriginal syllabics)	0.0	-0.003273322422258605	-0.0065466448445172035	0.0	-0.003273322422258605	0.0065466448445172035
Kichwa	0.0	4.275696938599999e-05	-0.006541816316059601	0.0	8.551393877199998e-05	0.006541816316059601
Samoan	0.0	4.023982938310133e-05	-0.006518852360065998	8.047965876629981e-05	0.0003621584644481028	0.006518852360065998
Romani	0.0	0.0002744344689693014	-0.0065080174069862985	0.0002744344689693014	0.0003920492413847024	0.0065080174069862985
Navajo	0.0	0.000967390866217898	-0.0064895803942118	-4.0307952759100624e-05	0.0010480067717360993	0.0064895803942118
Pangasinan	0.0	0.0014305583151201992	-0.006477250149016501	7.947546195110136e-05	0.0015100337770714012	0.006477250149016501
Marshallese	0.0	0.0	-0.0064464853408690015	0.0	0.00013246202755209935	0.0064464853408690015
Twi	0.0	0.0006551648831623	-0.006420615854990099	-0.0001747106355098997	0.0006114872242847999	0.006420615854990099
Latgalian	0.0	0.0007274784787616971	-0.006385644424685703	0.00024249282625389904	0.0011316331891847997	0.006385644424685703
Swazi	0.0	0.0006547073458164007	-0.0063724848326132	0.0	0.000829295971367501	0.0063724848326132
Shona	0.0	0.0016653756777691014	-0.006351665375677799	0.0	0.0018202943454686017	0.006351665375677799
Lojban	0.0	0.002917354420175898	-0.006295343748800402	-3.838624237070126e-05	0.003109285632029498	0.006295343748800402
Zeelandic	0.0	0.003208801283520503	-0.006286631086080997	0.0003601715726401014	0.003601715726400598	0.006286631086080997
Zazaki	0.0	0.0030102164923376945	-0.006263682802237901	-0.0020372172220870996	0.0009425930430552037	0.006263682802237901
Gothic	0.0	0.0	-0.006255585344057199	0.00017022000936210008	0.00029788501638370116	0.006255585344057199
Fula	0.0	0.0022172101380022007	-0.0062311250430062	-3.8227761000000915e-05	0.0022936656600022996	0.0062311250430062
Aymara	0.0	0.0017113935112696987	-0.006226559370789801	0.0001820631394967992	0.0022575829297601033	0.006226559370789801
Gikuyu	0.0	0.0017490671641791009	-0.006218905472636798	7.773631840800321e-05	0.0018656716417911022	0.006218905472636798
Tunisian Arabic in Latin script	0.0	0.0	-0.006215469613259597	0.0	0.0006906077348066975	0.006215469613259597
Batak Toba in Latin script	0.0	0.0	-0.0062111801242236	0.0	0.0006901311249137981	0.0062111801242236
Kurdish in Latin script	0.0	0.0006976648746255046	-0.006196905651085497	8.207822054410313e-05	0.000861821315713801	0.006196905651085497
Fijian	0.0	0.002216024147021701	-0.006189584686508999	0.0	0.0023306460856608	0.006189584686508999
Eastern Canadian in Latin script	0.0	0.0016837653692537008	-0.006186858798653	0.0	0.0018012373717597	0.006186858798653
Cree Wikiquote	0.0	0.0016787038844426998	-0.006168260784696499	0.0	0.0017958227601015016	0.006168260784696499
Guarani	0.0	0.0016747868453106003	-0.006166260657734499	-0.0002664433617539999	0.0014844701583434997	0.006166260657734499
Fiji Hindi in Latin script	0.0	0.001678114267873898	-0.006166094286606302	0.0	0.0017951920074930003	0.006166094286606302
Votic	0.0	0.0	-0.006161253468255301	0.0	0.00012240900930310036	0.006161253468255301
Herero	0.0	0.0016755640416163016	-0.006156723687799499	0.0	0.0017924638584733005	0.006156723687799499
Inuktitut	0.0	8.598082627570003e-05	-0.006147629078715499	4.2990413137902056e-05	0.0002149520656893021	0.006147629078715499
Choctaw	0.0	0.0016723708774112993	-0.006144990665837001	0.0	0.0017890479153702989	0.006144990665837001
Hiri Motu	0.0	0.0016721107481722994	-0.0061440348421217	0.0	0.0017887696375797	0.0061440348421217
Tachelhit in Latin script	0.0	0.0	-0.006142456168897199	0.0	0.0001220355530245007	0.006142456168897199
Inupiat	0.0	0.0016715257531583969	-0.006141885325558802	0.0	0.0017881438289600975	0.006141885325558802
Megleno-Romanian in Latin script	0.0	0.0	-0.0061412070928907984	0.0	0.00012201073694489972	0.0061412070928907984
Uyghur Latin alphabet	0.0	8.131072895069952e-05	-0.006138960035776698	8.131072895069952e-05	0.00020327682237670022	0.006138960035776698
Tatar in Latin script	0.0	0.0	-0.006138710464265399	0.0	0.00012196113505169928	0.006138710464265399
Pennsylvania German	0.0	0.0029032784211385013	-0.006132767900831896	0.0	0.0029032784211385013	0.006132767900831896
Cheyenne	0.0	0.0016679596586500998	-0.006128782001551598	3.8789759503502635e-05	0.0018231186966641	0.006128782001551598
Chamorro	0.0	0.0016674422211881007	-0.006126880719714602	0.0	0.001783775399410499	0.006126880719714602
Ndonga	0.0	0.0	-0.006126754848656999	0.0	0.0001217236062647023	0.006126754848656999
Tsonga	0.0	0.0	-0.0061255742725881	0.0	0.00012089949222210059	0.0061255742725881
Turoyo	0.0	0.0	-0.006124649557903801	0.0	8.626266982959992e-05	0.006124649557903801
Tarantino	0.0	0.0007157911480493995	-0.006123990933312201	0.0	0.0008350896727242971	0.006123990933312201
Laz	0.0	0.0	-0.0061233290211298004	0.0	8.624407072009913e-05	0.0061233290211298004
Kadazandusun	0.0	0.002383398397370102	-0.006122868296691999	0.0	0.0024655845490035005	0.006122868296691999
Riffian	0.0	0.0	-0.0061213132999443	0.0	8.561277342579963e-05	0.0061213132999443
Brahui language	0.0	0.0	-0.0061209534893746	0.0	8.621061252640089e-05	0.0061209534893746
Oromo	0.0	0.0	-0.006118066528908801	-4.051699688010016e-05	0.00012155099064059885	0.006118066528908801
Mizo	0.0	0.0	-0.0061125220610391984	0.0	8.609186001460115e-05	0.0061125220610391984
Lozi	0.0	0.0	-0.006110417832092601	0.0	8.606222298719948e-05	0.006110417832092601
Cherokee	0.0	0.0	-0.006102539859899498	0.0	0.00017190253126470045	0.006102539859899498
Kwanyama	0.0	0.0	-0.006100024238506901	0.0	0.00012119253453989759	0.006100024238506901
Kanuri	0.0	0.0006055712555511003	-0.006096083972547399	0.0	0.0007266855066613009	0.006096083972547399
Sango	0.0	0.0	-0.0060948536831484015	0.0	0.00012108980827440011	0.0060948536831484015
Plautdietsch	0.0	0.0012010088474319024	-0.006085111493654599	-0.00040033628247729963	0.0008807398214500002	0.006085111493654599
Chewa	0.0	0.0010476267225401	-0.006084293657829001	0.0	0.0012088000644693009	0.006084293657829001
Kirundi	0.0	0.0004833836858005973	-0.006082578046324302	0.0	0.0006042296072507995	0.006082578046324302
Kinaray-a	0.0	0.0	-0.0060792876102406	0.0	8.562376915840011e-05	0.0060792876102406
Tumbuka	0.0	0.0006033061175239988	-0.0060732815830753	0.0	0.0007239673410288014	0.0060732815830753
Cornish	0.0	0.0016472478907191002	-0.006066693451185302	-0.00012053033346730302	0.0016070711128967005	0.006066693451185302
Afar	0.0	0.0016588866170286001	-0.0060568650900814005	-0.00046294510242660125	0.0013502565487442005	0.0060568650900814005
Venda	0.0	0.0	-0.006047256708049599	0.0	0.00012014417300760041	0.006047256708049599
Xhosa	0.0	0.0005927448036038979	-0.0060459969967596	0.0	0.000711293764324699	0.0060459969967596
Tok Pisin	0.0	0.0016428516848782	-0.006036524795598701	0.0	0.0017192633911515993	0.006036524795598701
Aromanian	0.0	0.001137570150159202	-0.006029121795844097	3.791900500530257e-05	0.0012134081601699008	0.006029121795844097
Nauruan Wikiquote	0.0	0.0	-0.006028666107717498	0.0	0.0001197748233322006	0.006028666107717498
Silesian German	0.0	0.0006366723259762005	-0.0060271646859083	0.0	0.0007215619694396994	0.0060271646859083
Gagauz	0.0	0.0023029093421355028	-0.0060259461119214	7.676364473780187e-05	0.002418054809242301	0.0060259461119214
Muscogee	0.0	0.0005961370320323976	-0.006001112789126501	0.0	0.0007153644384388994	0.006001112789126501
Pitkern	0.0	0.0005960185957801997	-0.005999920530853901	0.0	0.0007152223149362001	0.005999920530853901
Sassarese	0.0	0.0	-0.0059981414209682	0.0	8.448086508400059e-05	0.0059981414209682
Tahitian	0.0	0.004956524681124598	-0.0038231214263965	0.0007781574584700968	0.005988429136921894	0.005988429136921894
Bislama Wiktionary	0.0	0.001700551734562801	-0.0059708260902426	0.0001133701156375011	0.0018517118887461	0.0059708260902426
Meänkieli	0.0	0.0025930662119919984	-0.005967604433077603	7.104290991759993e-05	0.0026641091219095983	0.005967604433077603
Mapudungun	0.0	8.517162081600124e-05	-0.005962013457116099	0.00012775743122389951	0.0002981006728558014	0.005962013457116099
Nahuatl	0.0	0.0017703684579353021	-0.005938110869324699	-7.376535241399723e-05	0.0017334857817283	0.005938110869324699
Tongan	0.0	0.0007187637263907018	-0.005909835083656098	-0.0003194505450623969	0.0004392444994609987	0.005909835083656098
Tswana	0.0	0.0004025926969685005	-0.005877853375739801	0.0	0.000523370506058999	0.005877853375739801
Novial	0.0	-7.628928898379891e-05	-0.005874275251754699	-3.814464449189772e-05	0.0	0.005874275251754699
Livonian	0.0	0.0	-0.005810200129115595	0.0	0.0006455777921239025	0.005810200129115595
Icelandic	0.0	0.004961782908741108	-0.005742032740191888	0.00062874500981	0.005802634668848394	0.005802634668848394
Saterland Frisian	0.0	0.001779183552436503	-0.0057988204672003996	0.0002965305920726996	0.002042766300945603	0.0057988204672003996
Lingua Franca Nova	0.0	0.0030581039755352007	-0.0057339449541284025	-3.1855249745200986e-05	0.0030899592252802976	0.0057339449541284025
Gheg Albanian	0.0	0.0006344104212484998	-0.005709693791236701	0.0	0.0007189984774150001	0.005709693791236701
Manx	0.0	0.0019116542636717984	-0.005700826107735299	-0.0008192803987163988	0.0011265105482351975	0.005700826107735299
Acehnese	0.0	0.0038845055423787044	-0.005687593784791098	0.0010649111767269022	0.005009923035965005	0.005687593784791098
Banjar	0.0	0.0013567269949156004	-0.0056771780078506	0.0009483916857662006	0.0024368397481493026	0.0056771780078506
Extremaduran	0.0	0.005209866368399298	-0.0055925119208806995	0.00026490845941010144	0.0053570377347383	0.0055925119208806995
Banyumasan	0.0	0.0009782148900168985	-0.0053934010152285015	0.0009782148900168985	0.0020754018612520984	0.0053934010152285015
Hunsrik	0.0	0.0	-0.005272407732864706	0.0	0.0005858230814293902	0.005272407732864706
Sundanese	0.0	0.001731006656738799	-0.0051675639899703	0.001043695190092498	0.0029147097381851984	0.0051675639899703
North Korean standard language	0.0	0.0	-0.005154639175257797	0.0	0.0	0.005154639175257797
Buginese	0.0	0.0011398983751618012	-0.005119882532506399	0.0014297030468130995	0.0027241639135222977	0.005119882532506399
Dzongkha	0.0	0.005076142131979711	0.0	0.005076142131979711	0.005076142131979711	0.005076142131979711
Nynorsk	0.0	0.0031740334505122036	-0.004999161332624902	0.000504547300872904	0.003845145183440507	0.004999161332624902
Southern Sami	0.0	0.0	-0.0046308452486096	0.0	7.161100899909928e-05	0.0046308452486096
Northern Sami	0.0	0.0018787290707516988	-0.004521336994446401	0.00033032599046189937	0.0023329273076367965	0.004521336994446401
Faroese	0.0	0.002235795408518801	-0.004050354000939602	-8.1007080018701e-05	0.0021223854964924	0.004050354000939602
Greenlandic	0.0	0.0017699115044247996	-0.003922506577373898	0.0004783544606552989	0.0022482659650801054	0.003922506577373898
Lule Sami	0.0	0.0	-0.002725366876310302	0.0	5.2410901467500604e-05	0.002725366876310302
Irish	0.0	0.0021967304177082023	-0.0014487698697204995	0.00013243025481549792	0.002342080243931899	0.002342080243931899
Pite Sami	0.0	0.0	-0.0021863437605113	0.0	0.0	0.0021863437605113
Madurese	0.0	0.0	0.0	0.0	0.0005094243504840008	0.0005094243504840008
Adyghe in Cyrillic script	0.0	0.0	0.0	0.0	0.0	0.0
Niuean	0.0	0.0	0.0	0.0	0.0	0.0
Nias	0.0	0.0	0.0	0.0	0.0	0.0
Southern Balochi	0.0	0.0	0.0	0.0	0.0	0.0
Ambonese	0.0	0.0	0.0	0.0	0.0	0.0
Kabardian in Cyrillic script	0.0	0.0	0.0	0.0	0.0	0.0
Toba Batak	0.0	0.0	0.0	0.0	0.0	0.0
Cape Verdean Creole	0.0	0.0	0.0	0.0	0.0	0.0
Khowar	0.0	0.0	0.0	0.0	0.0	0.0
Karelian	0.0	0.0	0.0	0.0	0.0	0.0
Norwegian	0.0	0.0	0.0	0.0	0.0	0.0
Kirmanjki	0.0	0.0	0.0	0.0	0.0	0.0
Tunisian Arabic	0.0	0.0	0.0	0.0	0.0	0.0
Angika	0.0	0.0	0.0	0.0	0.0	0.0
Kashmiri in Devanagari script	0.0	0.0	0.0	0.0	0.0	0.0
Kashmiri in Arabic script	0.0	0.0	0.0	0.0	0.0	0.0
Standard Moroccan Berber	0.0	0.0	0.0	0.0	0.0	0.0
Krio	0.0	0.0	0.0	0.0	0.0	0.0
Atayal	0.0	0.0	0.0	0.0	0.0	0.0
Pontic Greek	0.0	0.0	0.0	0.0	0.0	0.0
Northern Thai	0.0	0.0	0.0	0.0	0.0	0.0
Western Balochi	0.0	0.0	0.0	0.0	0.0	0.0
Siberian Tatar	0.0	0.0	0.0	0.0	0.0	0.0
Capiznon	0.0	0.0	0.0	0.0	0.0	0.0
Talysh	0.0	0.0	0.0	0.0	0.0	0.0
formal Spanish	0.0	0.0	0.0	0.0	0.0	0.0
kven	0.0	0.0	0.0	0.0	0.0	0.0
Tachelhit in Tifinagh script	0.0	0.0	0.0	0.0	0.0	0.0
Koyraboro Senni	0.0	0.0	0.0	0.0	0.0	0.0
Southern Kurdish	0.0	0.0	0.0	0.0	0.0	0.0
Marwari (India)	0.0	0.0	0.0	0.0	0.0	0.0
Megleno-Romanian in Cyrillic script	0.0	0.0	0.0	0.0	0.0	0.0
Rinconada Bikol	0.0	0.0	0.0	0.0	0.0	0.0
Mandailing	0.0	0.0	0.0	0.0	0.0	0.0
Megleno-Romanian	0.0	0.0	0.0	0.0	0.0	0.0
Bakhtiari	0.0	0.0	0.0	0.0	0.0	0.0
Kumyk	0.0	0.0	0.0	0.0	0.0	0.0
Uzbek Cyrillic alphabet	0.0	0.0	0.0	0.0	0.0	0.0
Uzbek Latin alphabet	0.0	0.0	0.0	0.0	0.0	0.0
Crimean Tatar Cyrillic alphabet	0.0	0.0	0.0	0.0	0.0	0.0
Laki	0.0	0.0	0.0	0.0	0.0	0.0
formal Hungarian	0.0	0.0	0.0	0.0	0.0	0.0
Nuosu	0.0	0.0	0.0	0.0	0.0	0.0
Tashelhit	0.0	0.0	0.0	0.0	0.0	0.0
